CropID,Agri / Horti Category,Sub-Category,Crop Name,Botanical Name,Produces (MF List),Requires (MF List),Suppresses (MF List),Key Light MF (Spectral Zone),Key Soil MF (Physical+Bio),Key Water MF (Moisture+RF),Validated Insight,Companion Crops (AP Recommended),Ontology Design Note (Rule / Flag)
CRP0001,Agricultural,Cereals,Paddy Rice,Oryza sativa,"MF2,MF5,MF6,MF8,MF9,MF12,MF14,MF17,MF18,MF22,MF24,MF25","MF3G,MF8,MF9,MF11","MF3G,MF10,MF13,MF15",MF2 (dense shade on water surface),"MF16,MF17,MF24,MF25","MF8,MF9,MF14",Flooded paddy RETAINS moisture and microclimate — it does not trap. Flooded anaerobic conditions actively support methanogenic and nitrogen-cycling microbiomes that are unique to rice systems. Full ground sun on dry paddy soils between seasons makes soil sterile and inactivates microbiome — must never leave dry paddy fields bare.,"Azolla (MF23 booster), Sesbania (green manure), Duck farming integration",MF22 risk is real in dense stands — pair with MF13 in bunded layout. MF3G after harvest = microbiome risk: flag for cover crop requirement.
CRP0002,Agricultural,Cereals,Maize,Zea mays,"MF1,MF2,MF3U,MF11,MF12,MF14,MF16,MF19,MF20,MF24,MF25,MF27","MF3U,MF13","MF3G,MF3L,MF10,MF13",MF3U (upper canopy 2–4m); MF1 partial shade at mid-tier,"MF16,MF24,MF27","MF9,MF14","Tall maize creates UPPER canopy sun effect (MF3U) at 2–4m height — heat accumulation occurs at canopy level, not ground. Lower zones receive partial shade (MF1). Evapotranspiration at canopy level reduces humidity above — not same as ground drying (MF10). Canopy cooling retains microclimate stability in mid and lower tiers. Deep biopore roots (MF16) persist 2–3 seasons after crop.","Cowpea (MF23), Red Gram (MF23+MF27), Pumpkin (MF17+MF18)","Three-tier rule applies: MF3U at top, MF1 at 1–2m, MF3G only if inter-row is unshaded. Intercrop design must specify height band of each companion."
CRP0003,Agricultural,Cereals,Jowar (Sorghum),Sorghum bicolor,"MF3G,MF3L,MF10,MF13,MF15,MF16,MF19,MF20,MF24,MF25","MF3G,MF3L,MF11,MF15","MF1,MF2,MF6,MF8,MF9,MF14",MF3G (0–1m); MF3L (1–2m) — both lower bands exposed,"MF16,MF24,MF25","MF10,MF15","Jowar is a dry microclimate crop — it REQUIREs MF15 (dry atmosphere) and produces MF10 (rapid drying). SUPPRESSES moisture and shade features. Ground-level sun exposure means MF3G is active: risk of soil sterilisation between rows. Alley cropping with legume hedgerows (Red Gram, Sesbania) is critical to protect inter-row soil biology. Deep allelopathic root residues — rotation management needed.","Red Gram (border, MF1 shade + MF23), Horsegram (MF10-tolerant), Sesbania (green manure bund)",MF3G is active in inter-row — FLAG: soil microbiome protection needed. Pair MF15 (dry) crops with MF21 (trap crop) for pest diversion. Avoid dense spacing — MF12 stagnation risk.
CRP0004,Agricultural,Cereals,Bajra (Pearl Millet),Pennisetum glaucum,"MF3G,MF3L,MF10,MF13,MF15,MF16,MF19,MF20,MF24,MF25","MF3G,MF3L,MF11,MF15","MF1,MF2,MF6,MF8,MF9,MF14",MF3G (0–1m); MF3L (1–2m),"MF16,MF24,MF25","MF10,MF15",Extremely drought-tolerant; sandy soil specialist. Similar to Jowar in MF profile but more extreme in dry microclimate dependency (MF15). Inter-row bare soil is the primary soil health risk — ground sun (MF3G) inactivates microbiome rapidly in sandy red soils. Intercrop with cowpea or moth bean on every third row to protect soil life.,"Cowpea (MF23+MF18), Moth Bean, Cluster Bean (Guar)",Sandy soil alert: MF10+MF15 cascade is faster and more damaging in sandy soils than in clay. Mandatory: inter-row cover crop or mulch to prevent MF3G→soil sterility cascade.
CRP0005,Agricultural,Cereals,Ragi (Finger Millet),Eleusine coracana,"MF3G,MF3L,MF13,MF16,MF24,MF25","MF3G,MF3L,MF13","MF1,MF2,MF10,MF14,MF15,MF18",MF3G+MF3L (ground-hugging; 0–2m exposure),"MF16,MF24,MF25",MF10,Ground-hugging crop — dense tillering physically covers soil better than taller crops. Suppresses MF18 (weed suppression) as a co-benefit of dense canopy coverage. SUPPRESSES MF10 through dense crop mat cover. Deep fibrous roots create excellent biopore network that benefits next-season crops. Good erosion buffer on slopes (MF25). Avoid dense shade companions — it actively suppresses MF1 and MF2.,"Groundnut (MF3G companion), Horse Gram, Niger",Ragi's tillering density naturally provides MF18 — no herbicide needed if stand is established. Rotation: follow with Red Gram for MF23 N-fixation benefit.
CRP0006,Agricultural,Cereals,Wheat,Triticum aestivum,"MF3G,MF3L,MF13,MF16,MF24,MF25","MF3G,MF11,MF13","MF2,MF14",MF3G+MF3L (winter crop; lower solar angle),"MF16,MF24,MF25","MF9,MF10",Rabi (winter) crop — lower temperature means MF3G does not trigger the soil sterilisation cascade that occurs in summer. Residue mulch post-harvest is critical (MF17) to protect soil entering the hot season. Requires MF11 (wind barrier) protection from dry winter winds in Rayalaseema. Stubble incorporation builds SOM but C:N management needed.,"Mustard (border, MF19+MF21), Chickpea (MF23), Lentil",Rabi season exception: MF3G in winter does NOT carry same microbiome risk as summer. Flag seasonal context in rule engine. Post-harvest MF17 is mandatory for summer transition.
CRP0007,Agricultural,Minor Millets,Foxtail Millet (Korralu),Setaria italica (Poaceae),"MF2,MF11,MF14,MF19,MF24,MF25","MF3G,MF8,MF9","MF10,MF13",MF2 (short dense canopy 0.6–1.0m),"MF17,MF24","MF8,MF9,MF14",Short-duration millet (60–90 days) — ideal as intercrop or quick cover. MF14 drought tolerance makes it suitable for rainfed fallows. MF17 topsoil structure benefit from fibrous roots. Activates MF19 through rapid grain formation.,"Black Gram (MF23), Sesame (MF23)",FLAG: Short crop cycle means MF3G exposure between crops — mandatory cover crop or mulch protocol after harvest.
CRP0008,Agricultural,Minor Millets,Little Millet (Samalu),Panicum sumatrense (Poaceae),"MF2,MF11,MF14,MF19,MF24","MF3G,MF8","MF10,MF13",MF2 (low canopy 0.5–0.8m),"MF17,MF24","MF8,MF14",Little millet thrives in poor soils — activates MF14 in low-fertility red soils. Minimal input requirement makes it a natural-farming-compatible cash crop. MF24 (mineral weathering) supported by fibrous root exudates.,"Cowpea (MF23), Horse Gram (MF23)",Best suited for marginal red soils in AP uplands — include in dryland crop rotation designs.
CRP0009,Agricultural,Minor Millets,Barnyard Millet (Udalu),Echinochloa frumentacea (Poaceae),"MF2,MF11,MF14,MF19,MF24","MF3G,MF8","MF10,MF13,MF15",MF2 (short canopy 0.6–1.0m),"MF17,MF24","MF8,MF9,MF14",Barnyard millet tolerates waterlogged and poorly drained soils — unique among millets for MF8/MF9 moisture tolerance. Dual use as grain and fodder. MF15 (anaerobic stress MF) activated in heavy soils.,"Green Gram (MF23), Cowpea (MF23)",Waterlogging tolerance is key differentiator — include in wet upland or bunded field designs.
CRP0010,Agricultural,Minor Millets,Proso Millet (Varigalu),Panicum miliaceum (Poaceae),"MF2,MF11,MF14,MF19,MF24","MF3G,MF8","MF10,MF13",MF2 (short canopy 0.4–0.7m),"MF17,MF24","MF8,MF14",Fastest-maturing millet (60–75 days) — activates MF19 rapidly. Excellent for intercropping and relay systems. MF14 drought tolerance. Shallow fibrous roots contribute to MF17 surface tilth.,"Green Gram (MF23), Sesame (MF23)",Very short crop window — useful in relay systems; plan MF3G mitigation post-harvest with quick-cover legume.
CRP0013,Agricultural,Pulses,Red Gram (Pigeon Pea),Cajanus cajan,"MF1,MF3L,MF16,MF17,MF18,MF19,MF20,MF23,MF24,MF25,MF27,MF28,MF29","MF3L,MF13","MF2,MF12,MF14",MF1 (partial shade 1–2m tier),"MF16,MF23,MF24,MF27,MF28,MF29",MF9,"Red Gram is the BACKBONE companion crop of AP natural farming. It simultaneously produces shade (MF1), N-fixation (MF23), P-cycling (MF29), deep biopore roots (MF16), surface mulch (MF17), and beneficial insect habitat (MF19+MF20). The cooling shade it produces RETAINS the microclimate and soil moisture — not traps. BNF rate: 100–200 kg N/ha/yr. Biopore legacy persists 2–3 seasons. Must be in every polyculture system design.","Sorghum (MF3G companion), Groundnut, Sesame, Castor (border)",KEYSTONE companion plant for AP. IF Red Gram PRESENT THEN MF23+MF16+MF27 active → satisfies N-requirement for 1–2 companion cereals without external input. Allelopathy from Castor nearby — maintain >2m spacing.
CRP0014,Agricultural,Pulses,Black Gram (Urad),Vigna mungo,"MF3G,MF16,MF17,MF19,MF20,MF23,MF24,MF25,MF27,MF28,MF29","MF3G,MF13","MF2,MF14",MF3G (low canopy; 0–1m ground zone),"MF16,MF23,MF27","MF9,MF14",Short-duration N-fixer (60–70 days) — ideal relay or short-season intercrop. Ground-zone crop (MF3G) means inter-row soil is EXPOSED if plant spacing is wide — soil microbiome protection needed in gaps. Dense planting at recommended spacing naturally creates ground cover and reduces MF3G exposure. Excellent for paddy-pulse rotation: fixes N immediately after paddy harvest into residue-covered soil.,"Paddy (relay), Maize (intercrop), Castor (border row)",Short duration flag: N-benefit is delivered quickly (45–60 days). Time companion crop nutrient demand to peak at 30–45 days after Black Gram establishment.
CRP0015,Agricultural,Pulses,Green Gram (Moong),Vigna radiata,"MF3G,MF16,MF17,MF19,MF20,MF23,MF24,MF25,MF27,MF28,MF29","MF3G,MF13","MF2,MF14",MF3G (0–1m ground zone),"MF16,MF23,MF27","MF9,MF14",Fastest N-fixer for AP conditions (50–60 days). Excellent as green manure — incorporate at flowering stage delivers high-N biomass with low C:N ratio (<15) → rapid mineralisation → N available to next crop within 2–3 weeks. Relay cropping with paddy is the most efficient MF23 delivery system for rice fields. Short canopy means ground protection requires dense planting.,"Paddy (relay after harvest), Maize (intercrop), Sugarcane (ratoon intercrop)",Green manure flag: IF incorporated at flowering THEN C:N ~12 → N mineralisation in 2–3 weeks. IF left to mature grain THEN C:N rises to 20+ → slower N release. Time management critical.
CRP0016,Agricultural,Pulses,Horse Gram,Macrotyloma uniflorum,"MF3G,MF16,MF17,MF19,MF20,MF23,MF24,MF25,MF27,MF28,MF29","MF3G,MF13","MF2,MF6,MF8",MF3G (0–1m; very short canopy),"MF16,MF23,MF27",MF10,"AP's most drought-hardy pulse. SUPPRESSES MF8 (evaporation reduction) — meaning it is adapted to high evaporative conditions and does not itself reduce soil evaporation significantly. This is unusual among pulses. Grows on degraded Alfisols (red soils, pH 5.5–6.5) where other pulses fail. Root exudates improve severely degraded soils. Most important pulse for dryland soil rehabilitation.","Jowar (intercrop), Castor (border), Neem (windbreak)",Soil rehabilitation flag: MF27+MF23+MF16 combination makes Horse Gram uniquely valuable for degraded soil restoration. Sequence: Horse Gram yr1 → Red Gram yr2 → Groundnut yr3 for full soil recovery.
CRP0017,Agricultural,Pulses,Cowpea,Vigna unguiculata,"MF3G,MF16,MF17,MF18,MF19,MF23,MF24,MF25,MF27","MF3G,MF13","MF2,MF14",MF3G (0–1m; spreading ground cover),"MF16,MF23,MF27","MF9,MF14","Dual-purpose N-fixer and living mulch. Dense spreading habit naturally PRODUCES MF18 (weed suppression) — one of the few annual crops that physically occupies all ground space and eliminates weeds without intervention. Fast N-fixation (45 days to significant nodulation). Most versatile intercrop companion for AP — works under maize, with sorghum, in coconut gardens. Heat tolerant — thrives in MF7 zones where other legumes fail.","Maize (classic Three Sisters variant), Sorghum, Coconut garden floor","Living mulch flag: Cowpea at >80% ground cover suppresses weeds + fixes N + protects soil microbiome simultaneously. Optimal spacing: 30cm within row, 45cm between rows for maximum ground cover."
CRP0023,Agricultural,Oilseeds,Groundnut,Arachis hypogaea,"MF3G,MF8,MF16,MF17,MF18,MF19,MF25,MF27","MF3G,MF10,MF13","MF2,MF6,MF14",MF3G (ground-zone; pegging into soil),"MF16,MF17,MF25,MF27","MF8,MF9","SUPPRESSES MF8 — meaning Groundnut itself increases soil evaporation (its open canopy does not reduce radiation receipt). But its pegging action physically loosens topsoil and creates MF16 biopores in the top 10–15cm. This is unique — root channels from pegging action, not taproot depth. Excellent companion with Red Gram: Red Gram provides partial shade reducing MF3G soil sterilisation risk, Groundnut fixes P-cycle (MF27) and loosens soil.","Red Gram (shade + MF23), Castor (border, pest diversion), Bajra",Pegging biopore flag: MF16 from Groundnut is shallow (10–15cm) vs taproot crops (>60cm). Complementary to Red Gram MF16. Design rule: Groundnut+Red Gram intercrop covers both shallow and deep soil layers.
CRP0024,Agricultural,Oilseeds,Sunflower,Helianthus annuus,"MF3L,MF16,MF19,MF21,MF25,MF27","MF3L,MF13","MF2,MF12",MF3L (1–2m lower canopy band),"MF16,MF25,MF27",MF9,"Strong allelopathic properties — suppresses germination of many crops and weeds within 2–3m radius. However, allelopathic compounds decompose in 4–6 weeks after incorporation. PRODUCES MF21 (pest diversion) — highly attractive to aphids, pulling them away from main crops. Heliotropic — tracks sun, maximising light interception. Critical to place in border rows for its trap crop function, not in dense intercrop.","Castor (border), Red Gram (distant companion >3m), Maize (same-height border)",Allelopathy management flag: MF26 is active — maintain >2m spacing from legume intercrops (MF23 suppression). Incorporate residues 6+ weeks before planting N-sensitive neighbours.
CRP0025,Agricultural,Oilseeds,Castor,Ricinus communis,"MF3L,MF16,MF18,MF19,MF21,MF25",MF3L,MF2,MF3L (1–2m canopy; fast-growing border),"MF16,MF25",MF9,"Tall, fast border crop with strong allelopathic seed coat — ricin compounds in litter are potent. Deep taproot creates biopore channels (MF16). Excellent trap crop (MF21) for Helicoverpa and Spodoptera — concentrates bollworm on Castor border before it reaches cotton/tomato main crop. Border spacing critical: 1 row Castor per 8–10 rows main crop.","Cotton (border trap crop), Tomato (pest diversion), Jowar (intercrop at 1:6 ratio)",Allelopathy flag: Castor litter is strongly allelopathic. Do NOT use as mulch near legumes. Trap crop management: inspect border rows weekly — destroy Castor when pest load exceeds 10/plant.
CRP0026,Agricultural,Oilseeds,Mustard,Brassica juncea,"MF3G,MF16,MF19,MF21,MF25","MF3G,MF11,MF13","MF2,MF14",MF3G (winter; low-growing rosette then bolt),"MF16,MF25",MF10,Glucosinolate-rich root exudates have biofumigation properties — suppresses soil-borne pathogens and nematodes when incorporated as green manure. Rabi crop — MF3G winter sun does not carry summer microbiome risk. Excellent trap crop (MF21) for aphids. REQUIREs wind barrier (MF11) in AP winter conditions.,"Wheat (border), Chickpea (intercrop), Lentil",Biofumigation flag: incorporate at 30% flowering for maximum glucosinolate content. Wait 2–3 weeks before planting next crop. MF21 aphid trap value highest during flowering.
CRP0029,Agricultural,Commercial,Cotton,Gossypium hirsutum,"MF1,MF3U,MF11,MF16,MF22,MF25","MF3U,MF13","MF3G,MF3L",MF3U (2–4m canopy; upper tier only),"MF16,MF25",MF9,Deep taproot creates significant biopore network (MF16). Upper canopy sun (MF3U) means lower zones are in partial shade (MF1). PRODUCES MF22 (pest shelter) — dense bolling-stage canopy creates ideal humidity zone for bollworm and fungal diseases. This is a critical design failure in monocrop cotton. Solution: MF13 (airflow) design + MF19+MF20 (beneficial insect) companions. Castor border for MF21 (trap crop) is essential.,"Castor (border, MF21), Red Gram (MF23+MF1 companion), Cowpea (ground cover MF18)",MF22 risk flag: Cotton monoculture is high MF22 system. Mandatory companions: Castor (pest diversion) + Coriander/Marigold (MF19 beneficial insects) to counter MF22 with MF20+MF21.
CRP0031,Agricultural,Commercial,Turmeric,Curcuma longa,"MF8,MF9,MF17,MF24,MF25,MF26","MF1,MF6,MF14","MF3G,MF10,MF15",REQ: MF1 (partial shade essential),"MF17,MF24,MF26","MF8,MF9",Shade-obligate crop — REQUIRES MF1 (partial shade) to prevent leaf scorch. Cannot grow under full ground sun (MF3G). Allelopathic rhizome exudates (MF26) — curcumin derivatives inhibit soil pathogens AND neighbouring root growth. Best grown under Banana (MF1 provider) or Coconut (MF4-PAR). Produces dense leaf mulch (MF17) that feeds surface microbiome. Cooling under companion canopy RETAINS the microclimate needed for rhizome development.,"Banana (MF1+MF6 shade provider), Coconut garden, Areca + Black Pepper system",MF1 requirement is non-negotiable: Turmeric in full sun = yield failure. Design rule: MUST have canopy tree (MF1 producer) within 2m. MF26 allelopathy — do not plant adjacent to legumes without 1m buffer.
CRP0032,Agricultural,Commercial,Ginger,Zingiber officinale,"MF8,MF9,MF17,MF24,MF26,MF27","MF1,MF6,MF14","MF3G,MF10",REQ: MF1 (strong shade requirement),"MF17,MF24,MF27","MF8,MF9",Even more shade-demanding than Turmeric — requires 50–70% canopy cover (MF1 producing companion). High organic matter demand — produces dense mulch (MF17) and relies on active rhizosphere microbiome (MF27). REQUIRES MF14 (high humidity) — canopy cooling RETAINS the humid microclimate essential for rhizome bulking. Cooling under canopy is not a trap — it is the functional environment for ginger physiology.,"Areca Nut (classic companion), Banana, Coconut garden floor",Dual REQ flag: Ginger REQUIRES both MF1 (shade) AND MF14 (humidity) simultaneously. Any system design must provide both. Areca+Banana combination is the AP standard for satisfying both requirements.
CRP0034,Agricultural,Commercial,Chilli (Commercial),Capsicum annuum,"MF1,MF19,MF24","MF3G,MF13",MF2,MF1 (minor shade benefit) + MF3G requirement,"MF24,MF25",MF9,Capsaicin in fruit deters some chewing insects — minor MF21 function. REQUIREs MF13 (airflow) — one of the most airflow-dependent vegetables. Dense planting without airflow = Anthracnose and Phytophthora devastation. Companion with Onion (sulfur exudates deter thrips) and Marigold (MF19+MF20) is classical AP practice.,"Onion (pest deterrence), Marigold (MF19), Basil (aromatic repellent), Coriander (MF19)","Airflow is NON-NEGOTIABLE for Chilli. Design rule: maximum 3 rows chilli before airflow break row (Marigold, Coriander, or gap). MF13 must be maintained throughout crop cycle."
CRP0035,Agricultural,Fodder,Napier Grass,Pennisetum purpureum,"MF1,MF2,MF11,MF16,MF18,MF25","MF3U,MF8,MF13","MF3G,MF10",MF1+MF2 (dense living fence; strong shade),"MF16,MF25","MF8,MF9",Dense perennial clump creates strong wind barrier (MF11) and shade (MF1+MF2). RETAINS microclimate in shelter zone — not traps. Deep root system (MF16) creates biopore channels and erosion control (MF25). Living fence use: plant on field bund as 1.5–2m height windbreak. One row of Napier can protect 10–15m of leeward field from desiccating winds. Pollard every 60 days — biomass is excellent MF17 mulch material.,"Sesbania (bund companion, MF23), Gliricidia (mixed hedge, MF23)",Living fence design: Napier+Gliricidia combination creates wind protection (MF11) + N-fixation (MF23) in one bund structure. Pollarding schedule: every 45–60 days for biomass + maintained height.
CRP0036,Agricultural,Fodder,Hedge Lucerne (Desmanthus),Desmanthus virgatus,"MF1,MF3L,MF16,MF17,MF23,MF24,MF25,MF27","MF3L,MF13",MF2,MF1+MF3L (1–2m partial shade; hedge structure),"MF16,MF23,MF27",MF9,Perennial N-fixing fodder hedge for AP dryland systems. Produces MF1 (partial shade) as a living hedge — protects adjacent crop from MF3G solar sterilisation. BNF rate: 80–120 kg N/ha/yr. Extremely drought tolerant after establishment. Alley crop configuration: 2 rows Desmanthus per 6 rows cereal = 30% N-input replacement.,"Sorghum (alley crop), Jowar, Bajra (dryland cereals)",Alley crop flag: Desmanthus hedge provides MF1 shade + MF23 N + MF16 biopores simultaneously. Design rule: 2 hedge rows per 6 crop rows. Pollard to 50cm at crop establishment to prevent shade competition.
CRP0037,Agricultural,Fodder,Stylosanthes,Stylosanthes hamata,"MF3G,MF16,MF17,MF23,MF25,MF27","MF3G,MF13",MF2,MF3G (low ground cover; 0–0.5m),"MF16,MF23,MF27",MF9,Extremely low-input ground cover N-fixer. Colonises degraded red soils where nothing else establishes. Acts as LIVING MULCH (MF17) protecting soil microbiome from MF3G solar sterilisation. Critical for AP's degraded Alfisols — year-round soil cover in dryland systems. BNF rate: 40–80 kg N/ha/yr. Seed naturally into inter-rows of perennial crops.,"Cashew (under-canopy ground cover), Mango orchard floor, Teak plantation",Degraded soil pioneer flag: Stylosanthes is the MF3G-to-MF17 transition crop. IF soil is bare degraded Alfisol THEN establish Stylosanthes first for 1 season THEN introduce higher-value polyculture.
CRP0038,Horticultural,GLV,Spinach,Spinacia oleracea,"MF3G,MF17,MF18,MF24,MF25","MF3G,MF1,MF8","MF2,MF15",REQ MF1 (partial shade in summer),"MF17,MF24","MF8,MF9","Cool-season shade-tolerant GLV. In AP summer, REQUIREs MF1 partial shade to prevent bolting. Shade RETAINS cooler microclimate essential for leaf quality. Dense leaf canopy provides MF18 weed suppression at ground level. Companion with taller crops that produce MF1.","Tomato (MF1 provider), Drumstick (MF1 hedge), Moringa border","Seasonal flag: Rabi/winter only in AP lowlands without shade. Summer production requires MF1 companion system. Shade cooling RETAINS quality, not traps — leaf expansion better in diffused light."
CRP0039,Horticultural,GLV,Amaranth,Amaranthus hybridus,"MF3G,MF3L,MF17,MF18,MF24","MF3G,MF13",MF2,MF3G+MF3L (upright; both lower tiers),"MF17,MF24",MF9,Heat-tolerant GLV; thrives in MF7 zones where cool-season crops fail. Ground cover with dense leaf production naturally provides MF18. Rapid growth — 3–4 cuts possible per season. Excellent companion under taller crops for vertical space utilisation.,"Tomato (ground companion), Brinjal, Chilli",Heat tolerance asset: Amaranth can fill MF7 zones where other GLVs fail. Use as inter-row ground cover in Kharif vegetable systems.
CRP0040,Horticultural,GLV,Fenugreek,Trigonella foenum-graecum,"MF3G,MF16,MF17,MF23,MF24","MF3G,MF13",MF2,MF3G (low rosette canopy),"MF16,MF23,MF24",MF9,N-fixing GLV — dual role as food and soil builder. Allelopathic to some soil fungi (antifungal compounds in root exudates). Mulch after harvest provides MF17. Short cycle (45 days) allows quick N-fixation credit to next crop.,"Onion (companion), Potato (intercrop), Coriander (mixed GLV bed)",N-fixation GLV flag: BNF rate modest (20–40 kg N/ha/yr) but combined with mulch contribution makes it a high-value rotation crop. Antifungal exudates benefit solanaceous crops in rotation.
CRP0047,Horticultural,GLV,Drumstick (Moringa),Moringa oleifera,"MF1,MF3L,MF16,MF17,MF19,MF24,MF25,MF27","MF3L,MF13",MF3G,MF1+MF3L (open canopy partial shade 1–3m),"MF16,MF17,MF27",MF9,"One of the most valuable GLV/companion trees in AP. Open feathery canopy provides MF4-STR (beam scatter) and MF1 (partial shade) without blocking all light. Deep taproot (MF16) creates excellent biopore network. Leaf litter is high-N mulch (MF17; C:N ~15) — decomposes rapidly. SUPPRESSES MF3G — shade from Moringa prevents ground solar sterilisation. Grows fast (first harvest 8 months, perennial thereafter).","Tomato (shade companion), Chilli, Vegetables (hedge row), Paddy bund",Keystone GLV tree flag: Moringa as a hedgerow satisfies MF1+MF17+MF16+MF23-adjacent simultaneously. Design: plant 3–5m apart on field bund. Prune to 1.5m height for MF1 maintenance without MF2 overcast.
CRP0048,Horticultural,Creepers,Bitter Gourd,Momordica charantia,"MF1,MF3L,MF17,MF19,MF24","MF3L,MF1,MF8",MF10,MF1+MF3L (trellis canopy; 1–2m),"MF17,MF24","MF8,MF9",Trellis canopy RETAINS cool moist microclimate below — not traps. Leaf canopy on trellis creates MF1 partial shade that protects companion crops at ground level. Traditional AP intercrop: Bitter Gourd on trellis over ground-level vegetables. High medicinal and nutraceutical value — produces complex secondary metabolites requiring stable cool microclimate.,"Basil (MF19 companion below trellis), Coriander, Marigold (MF20)","Trellis microclimate design: Bitter Gourd trellis at 1.8m creates MF1 partial shade zone below — use for spinach, coriander, or basil ground layer. Airflow through trellis must be maintained — avoid MF12 stagnation."
CRP0049,Horticultural,Creepers,Snake Gourd,Trichosanthes cucumerina,"MF1,MF3L,MF19,MF24","MF3L,MF1",MF10,MF1+MF3L (trellis canopy),MF24,"MF8,MF9",Traditional AP household crop on trellis or pergola. Large leaves create effective MF1 shade zone below. High transpiration rate (MF6 co-benefit under dense planting). Good pollinator attractor (MF19) during long flowering period.,"Bitter Gourd (mixed trellis), Ridge Gourd, Basil (below trellis)",Mixed trellis design: Snake Gourd + Ridge Gourd + Bitter Gourd on same trellis = continuous harvest + combined MF1 shade effect throughout season.
CRP0050,Horticultural,Gourds,Bottle Gourd,Lagenaria siceraria,"MF1,MF3L,MF17,MF19,MF24","MF3L,MF8,MF13",MF10,MF1+MF3L (sprawling or trellis),"MF17,MF24","MF8,MF9","Large leaves create significant MF1 shade whether sprawling on ground or on trellis. Sprawling habit = excellent ground cover (MF18 weed suppression, MF8 evaporation reduction). Leaf litter after harvest provides MF17. High water content of fruit concentrates moisture in plant — evapotranspiration contributes to MF14 in immediate microzone.","Cowpea (ground companion MF23), Maize (trellis support), Basil",Ground cover mode vs trellis mode have different MF profiles. Specify in design: Ground mode → MF18 active. Trellis mode → MF1 active below. Both produce MF17 via leaf fall.
CRP0052,Horticultural,Gourds,Pumpkin,Cucurbita moschata,"MF1,MF3G,MF17,MF18,MF19,MF24","MF3G,MF8",MF10,MF1 (partial shade from large leaves) + MF3G (sprawling ground),"MF17,MF18,MF24","MF8,MF9",Classic Three Sisters companion (Maize-Bean-Pumpkin). Large leaves create BOTH ground shade (suppresses MF3G sterilisation) AND MF18 weed suppression. Sprawling habit covers maximum ground area. Leaf mulch (MF17) after season end is very high biomass. Ideal for covering inter-row space in any tall crop system.,"Maize + Cowpea (Three Sisters), Sugarcane inter-row",Three Sisters flag: Maize (vertical) + Cowpea (MF23) + Pumpkin (MF18 ground cover) is the classic multi-MF polyculture. Combined: MF1+MF23+MF18+MF17+MF16 in one planting design.
CRP0053,Horticultural,Melons,Watermelon,Citrullus lanatus,"MF3G,MF17,MF18,MF19,MF24","MF3G,MF8,MF10","MF2,MF14",MF3G (ground sprawling; large leaf cover),"MF17,MF18,MF24",MF8,Ground-sprawling MF3G crop that paradoxically SUPPRESSES MF3G sterilisation in its own row through leaf cover. Requires MF10 (dry microclimate) for fruit set — wet roots cause fungal collapse. Allelopathic to most weeds (natural weed suppressor in row). Sandy red soils (Andhra coastal plains) ideal. High irrigation demand but leaf canopy reduces evaporation between plants.,"Sesame (border row, compatible dry microclimate), Maize (windbreak border)",Dry-wet paradox: Watermelon REQUIRES well-drained dry soil (MF10) but needs regular irrigation. The plant manages its own microclimate — leaf cover reduces soil evaporation but fruit zone must drain freely.
CRP0057,Horticultural,Melons,Muskmelon,Cucumis melo,"MF3G,MF17,MF19,MF24","MF3G,MF8,MF10","MF2,MF14",MF3G (ground sprawling),"MF17,MF24",MF8,"Similar MF profile to Watermelon — dry microclimate essential. Highly aromatic flowers are excellent MF19 (pollinator attractor). Companion with Basil improves pollinator visits and may reduce pest pressure. Sandy loam soils of Krishna, Godavari coastal AP are ideal.","Basil (aromatic companion, MF19 enhancement), Marigold",Pollinator dependency flag: Muskmelon has poor fruit set without adequate MF19 (pollinator zone). Design: 1 Marigold/Basil plant per 5 Muskmelon plants as pollinator corridor.
CRP0058,Horticultural,Solanaceae,Tomato,Solanum lycopersicum,"MF1,MF19,MF24","MF3G,MF13","MF2,MF12",MF1 (minor shade from foliage) + MF3G requirement,"MF24,MF25",MF9,REQUIRES MF13 (airflow) — most airflow-sensitive vegetable in AP. Dense planting without airflow = Early Blight and Late Blight devastation. REQUIREs MF3G (full ground sun) for fruiting but benefits from minor MF1 (partial leaf shade) in peak summer. ALLELOPATHIC to fennel — never plant together. Companion with Basil (aromatic pest deterrent) and Marigold (MF19+MF20) is the most validated AP combination.,"Basil (essential aromatic companion), Marigold (MF19+MF20), Onion (thrips deterrence), Coriander",Airflow NON-NEGOTIABLE: Minimum 60cm between rows for MF13. Design rule: every 3rd row = Marigold or Basil break row for MF13 maintenance + MF19 benefit.
CRP0059,Horticultural,Solanaceae,Brinjal (Eggplant),Solanum melongena,"MF1,MF3G,MF19,MF24","MF3G,MF13",MF2,MF3G + minor MF1 from own canopy,"MF24,MF25",MF9,"Trap crop function for Shoot and Fruit Borer (Leucinodes orbonalis) — Brinjal planted as border row around tomato attracts SFB preferentially (MF21 function). However Brinjal requires active management: inspect weekly, cut and destroy infested shoots. Companion with Coriander provides MF19+MF20 benefit.","Coriander (MF19 companion), Marigold, Onion (border)",Trap crop flag: Brinjal as border row around Tomato provides MF21 function for SFB. Requires weekly scouting and shoot removal. Do not allow SFB to build on trap crop — manage within 2-week window.
CRP0060,Horticultural,Solanaceae,Chilli,Capsicum annuum,"MF1,MF19,MF24","MF3G,MF13",MF2,MF3G + minor MF1,"MF24,MF25",MF9,"Capsaicin in leaf trichomes has minor pest deterrent effect (MF21 function). Like Tomato, REQUIRES MF13 (airflow) — Anthracnose and Colletotrichum are humidity-driven. Onion companion with sulfur exudates is the most validated AP pest management companion. Marigold (MF19) for thrips parasitoid attraction.","Onion (sulfur compounds deter thrips), Marigold (MF19), Coriander (MF19), Basil",Airflow + humidity management: Chilli is the crop most sensitive to MF14 (high humidity) build-up. Design: never plant in MF12 (stagnant air) zones. Wind barrier (MF11) must not create full stagnation — use permeable barrier.
CRP0061,Horticultural,Solanaceae,Potato,Solanum tuberosum,"MF3G,MF16,MF24","MF3G,MF13","MF2,MF14",MF3G (full ground sun; 0–1m canopy),"MF16,MF24,MF25",MF9,Tuber expansion mechanically loosens soil — creates shallow MF16 biopores (10–20cm). SUPPRESSES MF14 — must have dry air for Late Blight prevention. Companion with Horseradish is classical allelopathic companion (Horseradish deters Colorado potato beetle through glucosinolate exudates). AVOID near Tomato — shared solanaceous diseases.,"Horseradish (border, allelopathic pest deterrence), Beans (N-fixation), Coriander (MF19)",Disease flag: Potato and Tomato share Late Blight (Phytophthora infestans) — NEVER intercrop. Spatial rule: >10m separation or physical barrier between Potato and Tomato fields.
CRP0062,Horticultural,Vegetables,Okra,Abelmoschus esculentus,"MF3G,MF19,MF24","MF3G,MF13",MF2,MF3G (1–2m upright; inter-row exposed),"MF24,MF25",MF9,Tall upright crop with exposed inter-row ground — MF3G soil sterilisation risk in row middles. Strong pollinator attractor (MF19) — large flowers. Companion with Basil provides aromatic pest deterrence. Ground cover between Okra rows is essential — Coriander or Fenugreek as inter-row companion protects soil microbiome.,"Basil (pest deterrence), Coriander (MF19 + ground cover), Marigold","Ground protection flag: Okra inter-row ground is exposed to MF3G. Mandatory: inter-row companion plant (Coriander, Fenugreek, or Basil) for microbiome protection."
CRP0063,Horticultural,Vegetables,Onion,Allium cepa,"MF3G,MF16,MF24","MF3G,MF13",MF2,MF3G (very low canopy; 0–0.5m),"MF16,MF24","MF9,MF10","Sulfur-containing volatile compounds (allicin, diallyl disulfide) deter many pest insects — Onion is one of the most effective aromatic companion plants in AP vegetable systems. Very low canopy means ground is essentially fully exposed (MF3G active throughout) — inter-row mulch is critical. Companion with Carrot is classical: Onion deters carrot fly, Carrot deters onion fly.","Tomato (pest deterrence), Chilli (thrips reduction), Carrot (mutual deterrence), Beets",Aromatic companion value: Onion sulfur compounds act as MF21-equivalent aromatic pest diversion within 1m radius. Use in border rows around solanaceous crops for thrips management.
CRP0064,Horticultural,Vegetables,Elephant Yam,Amorphophallus paeoniifolius,"MF3G,MF8,MF9,MF17,MF24","MF3G,MF1,MF6",MF2,REQ: MF1 (partial shade essential for establishment),"MF17,MF24,MF27","MF8,MF9",Large leaf canopy RETAINS cool moist microclimate once established — not traps. Requires partial shade (MF1) for establishment but tolerates more sun when mature. Deep corm acts as water reservoir in dry conditions. Dense leaf mulch production (MF17) feeds surface microbiome. Classic companion crop under Banana or Coconut in AP homestead gardens.,"Banana (MF1+MF6 shade provider), Coconut garden floor, Areca garden",Shade requirement transition: Young Elephant Yam REQUIRES MF1 strictly. Mature plant tolerates moderate sun. Design: establish under existing MF1 tree canopy; once established can expand into partial MF3G zones.
CRP0065,Horticultural,Fruit Crops,Mango,Mangifera indica,"MF1,MF3U,MF4-NIR,MF4-STR,MF6,MF8,MF11,MF14,MF17,MF19,MF20,MF24,MF25","MF3U,MF13","MF3G,MF3L,MF10",MF3U (upper 2–4m) + MF4-NIR (NIR reflector) + MF4-STR (beam scatter),"MF16,MF17,MF24,MF25,MF27","MF8,MF9",AP's most important agroforestry canopy tree. Dense canopy REFLECTS NIR (MF4-NIR) — removes 40–50% of solar heat load from understory WITHOUT reducing PAR availability. Cooling under Mango canopy RETAINS the microclimate that supports understory crop biology. Deep taproot creates extensive biopore network. Leaf litter (C:N ~30) builds SOM slowly but steadily. Upper canopy sun (MF3U) drives canopy ET — not ground drying.,"Curry Leaf (understory), Drumstick (sub-canopy), Turmeric (ground layer), Cowpea",Keystone agroforestry flag: Mango as canopy anchor satisfies MF1+MF4-NIR+MF6+MF17 simultaneously. Design: 1 Mango per 100m² provides adequate MF1+MF4 coverage for 2–3 understory crop rows.
CRP0066,Horticultural,Fruit Crops,Citrus (various),Citrus spp.,"MF1,MF3L,MF6,MF8,MF17,MF19,MF20,MF24,MF25","MF3L,MF13",MF3G,MF1+MF3L (moderate canopy; 2–3m),"MF17,MF24,MF27","MF8,MF9","Strongly aromatic flowers create intense MF19 (pollinator attraction) during flowering. Allelopathic fallen leaf litter — Citrus litter leachates inhibit germination of many ground-level companions. Companion with Basil improves pollinator visits. REQUIREs MF13 (airflow) for disease prevention (citrus canker, gummosis). SUPPRESSES MF3G — canopy prevents ground sterilisation.","Basil (MF19 enhancement), Drumstick (sub-canopy companion), Cowpea (ground)",Litter allelopathy flag: Citrus fallen leaves are allelopathic. Rake fallen leaves from under tree for composting — do not leave as in-situ mulch if establishing new understorey plants.
CRP0067,Horticultural,Fruit Crops,Guava,Psidium guajava,"MF1,MF3L,MF17,MF19,MF20,MF24,MF25",MF3L,MF3G,MF1+MF3L (dense canopy; good shade tree),"MF17,MF24,MF25",MF9,"Hardy canopy provider — strong MF1 zone below. Allelopathic leaf litter documented — guava leachates suppress some crop germination. Dense canopy SUPPRESSES MF3G effectively. High medicinal value. Companion with Banana (microclimate contrast — Guava drier, Banana wetter) not recommended — incompatible MF profiles. Best as standalone shade tree in vegetable garden.","Cowpea (ground cover below), Drumstick (companion sub-canopy), Marigold (border MF19)",Microclimate note: Guava creates MF1 zone with moderate humidity — suitable for shade-tolerant vegetables and spices below. Litter allelopathy: allow 2–3 week breakdown before establishing seedlings nearby.
CRP0068,Horticultural,Fruit Crops,Papaya,Carica papaya,"MF3L,MF19,MF24","MF3L,MF11",MF3G,MF3L (2–3m single trunk; open canopy),MF24,"MF9,MF14",Fast pioneer canopy tree — provides MF3L partial shade quickly (fruiting in 9–12 months). REQUIRES wind protection (MF11) — extremely susceptible to wind damage. Root system very sensitive to waterlogging. Companion with Basil and Marigold for MF19+MF20 benefit.,"Basil (MF19+MF21 companion), Marigold, Cowpea (ground MF23)",Wind protection flag: Papaya MUST have MF11 windbreak on prevailing wind side. Use Napier Grass or Casuarina as windbreak. Plant 1m from windbreak on leeward side.
CRP0072,Horticultural,Fruit Crops,Jackfruit,Artocarpus heterophyllus,"MF1,MF2,MF4-FR,MF6,MF8,MF11,MF17,MF19,MF24,MF25","MF3U,MF13","MF3G,MF10",MF1+MF2 (very dense canopy) + MF4-FR (far-red enrichment),"MF16,MF17,MF24,MF25","MF8,MF9",Dense evergreen canopy creates strong MF4-FR (far-red enrichment zone) below — morphological shade signal for understory plants. Large fruits sequester significant carbon. Leaf litter (MF17) is high volume and medium C:N. RETAINS cool moist microclimate below — ideal for root crops and rhizome crops that require stable deep-shade conditions. AP's most important native canopy tree for multi-tier systems.,"Turmeric (deep shade ground layer), Ginger, Black Pepper (climber on trunk), Cowpea","Far-red signal flag: MF4-FR zone below Jackfruit induces shade morphology in understory crops — choose far-red ADAPTED crops (Ginger, Turmeric, Cardamom) not shade-AVOIDING crops (cereals, most vegetables)."
CRP0072,Forest,Canopy Trees,Jackfruit,Artocarpus heterophyllus,"MF1,MF2,MF4-FR,MF6,MF8,MF11,MF17,MF19,MF24,MF25","MF3U,MF13","MF3G,MF10",MF1+MF2 (dense evergreen) + MF4-FR (far-red),"MF16,MF17,MF24,MF25","MF8,MF9","AP's most productive multi-use canopy tree — food, timber, fodder, shade in one. Dense evergreen canopy creates strong MF4-FR zone below. Large leaf litter (MF17) is high volume mulch. RETAINS cool moist microclimate below — ideal for shade-dependent spice crops. Deep root system creates excellent MF16 biopore network throughout lifetime of tree.","Turmeric (ground layer MF4-FR adapted), Ginger, Black Pepper (trunk climber), Cowpea","Multi-function canopy: Jackfruit satisfies MF1+MF2+MF4-FR+MF6+MF17+MF25 simultaneously. Best canopy anchor for shade-spice systems. Companion crops must be FAR-RED ADAPTED — select from: Ginger, Turmeric, Cardamom, Cocoa."
CRP0073,Horticultural,Fruit Crops,Custard Apple,Annona squamosa,"MF1,MF3L,MF17,MF19,MF20,MF24,MF25","MF3L,MF13",MF3G,MF1+MF3L (moderate canopy; 2–4m),"MF17,MF24",MF9,Dryland fruit tree — adapted to AP's Deccan Plateau climate. Dense canopy provides MF1 zone. Unusual pollination biology — flowers emit strong yeast-like aroma attracting specific beetles (not bees). Companion with Drumstick and Ber in dryland food forest designs.,"Drumstick (companion), Ber (dryland companion), Cowpea (ground MF23)","Pollinator specificity: Custard Apple pollination depends on specific beetles — aromatic companion plants (Basil, Marigold) less useful than in bee-pollinated crops. Design: ensure no broad-spectrum insecticides used within 50m."
CRP0074,Horticultural,Fruit Crops,Pomegranate,Punica granatum,"MF3L,MF16,MF19,MF20,MF24,MF25","MF3L,MF13","MF3G,MF14",MF3L (1–3m; moderate open canopy),"MF16,MF24,MF25","MF9,MF10","Drought-tolerant commercial fruit. Dense root system creates significant MF16 biopore network. SUPPRESSES MF14 — dry microclimate preferred, high humidity causes Cercospora leaf spot and fruit cracking. Companion with Onion deters some insect pests through sulfur volatiles.","Onion (pest deterrence), Coriander (MF19 border), Cowpea (ground MF23 + MF18)",Humidity sensitivity: Pomegranate in MF14 zone = fruit cracking + disease. Design rule: plant in windward-facing position for maximum MF13 airflow. Pair with MF13 companions (open structure border plants).
CRP0075,Horticultural,Fruit Crops,Amla (Indian Gooseberry),Phyllanthus emblica,"MF1,MF3L,MF17,MF19,MF24,MF25,MF27",MF3L,MF3G,MF1+MF3L (open deciduous canopy),"MF17,MF24,MF27",MF9,Tannin-rich leaf litter inhibits some pathogens (antifungal allelopathy) while improving soil microbiome (MF27). One of the few trees with documented simultaneous allelopathic + microbiome-enhancing properties. Companion with Basil improves pollinator visits. Excellent dryland food forest tree.,"Basil (MF19), Drumstick (companion sub-canopy), Cowpea (ground)",Dual soil biology flag: Amla litter — tannins suppress harmful soil fungi (benefit) AND stimulate beneficial decomposer bacteria (benefit). Unique positive allelopathy profile — use as deliberate companion for soil health.
CRP0076,Horticultural,Plantation,Areca Nut,Areca catechu,"MF1,MF3U,MF6,MF8,MF9,MF11,MF14,MF17,MF19,MF24,MF25","MF3U,MF1,MF11","MF3G,MF10",MF1+MF3U (tall palm; partial shade below 2–4m),"MF17,MF24,MF25","MF8,MF9,MF14",Classic AP multi-tier plantation system: Areca creates partial shade (MF1) while requiring upper canopy sun (MF3U) from Coconut or sky above. The inter-areca microclimate RETAINS humidity and cooling — ideal for Black Pepper (climber on trunk) and Ginger/Turmeric at ground level. Traditional Areca gardens in East Godavari and West Godavari are among the most complex natural farming polycultures in AP.,"Black Pepper (climber on trunk), Ginger/Turmeric (ground), Banana (inter-areca), Cowpea",Multi-tier plantation flag: Areca+Black Pepper+Ginger is AP's classic three-level spice system. All three MF profiles are mutually satisfying: Areca PROD(MF1+MF14) → Pepper REQ(MF1+MF14) → Ginger REQ(MF1+MF6+MF14). No external MF input needed.
CRP0077,Horticultural,Plantation,Cocoa,Theobroma cacao,"MF1,MF2,MF4-PAR,MF8,MF9,MF14,MF17,MF24,MF27","MF1,MF4-PAR,MF6,MF14","MF3G,MF10,MF15",REQ: MF1+MF4-PAR (strict shade requirement; PAR-filtered light only),"MF17,MF24,MF27","MF8,MF9,MF14",Strictest shade requirement in AP commercial crops — REQUIRES MF4-PAR (PAR-filtered diffused light). Cannot establish under dense MF2 (too dark) or full MF3G (sun-damaged). The specific light quality — diffused PAR with NIR removed — is exactly the forest understory environment. Canopy RETAINS the humid microclimate essential for pod development. Classic shade system: Coconut or Jackfruit above → Banana sub-canopy → Cocoa at ground level.,"Coconut (canopy, MF4-PAR provider), Jackfruit (dense shade), Banana (sub-canopy), Ginger","MF4-PAR requirement is precise: NOT dense shade (MF2), NOT full sun (MF3G) — specifically DIFFUSED PAR at 30–50% open sky equivalent. Coconut palm canopy is the ideal MF4-PAR provider in AP conditions."
CRP0078,Horticultural,Plantation,Coffee,Coffea arabica / canephora,"MF1,MF4-STR,MF8,MF9,MF17,MF24,MF27","MF1,MF4-PAR,MF6","MF3G,MF10,MF15",REQ: MF1+MF4-STR (scattered diffuse light requirement),"MF17,MF24,MF27","MF8,MF9","Classic shade-grown crop requiring MF4-STR (beam scatter) — not just any shade, but scattered diffuse light. Silver Oak (Grevillea) is the AP standard shade companion — its pinnate leaves create ideal scatter profile. Cooling under shade canopy RETAINS the humid microclimate essential for cherry development and bean quality. Research confirms: shade-grown coffee has higher cup quality AND lower disease pressure.","Silver Oak/Grevillea (MF4-STR shade provider), Banana (sub-canopy), Cardamom (companion)","Light quality flag: Coffee requires MF4-STR specifically — Grevillea's open pinnate canopy creates ideal beam scatter. Solid shade trees (Jackfruit, Mango at close spacing) produce MF2 which is too dark. Design: 8×8m Grevillea spacing for coffee."
CRP0082,Horticultural,Spices,Betel Leaf,Piper betle,"MF14,MF17","MF1,MF6,MF11,MF14","MF3G,MF10,MF15",REQ: MF1+MF11+MF14 (shade + protection + humidity all required),MF17,"MF8,MF9,MF14","Most microclimate-sensitive crop in AP. Requires ALL THREE of: shade (MF1), wind protection (MF11), AND high humidity (MF14) simultaneously. Traditional Betel Leaf gardens (Tambula gardens) in AP's East Godavari and Krishna districts are elaborate microclimate engineering systems — bamboo shade structures, irrigation misting, and dense windbreaks all used together.","Areca (shade + support system), Bamboo windbreak (MF11), Banana (humidity + shade)",Triple REQ flag: Betel Leaf is the most demanding microclimate crop. System design MUST satisfy MF1+MF11+MF14 simultaneously — failure of any one = crop failure. Traditional AP Tambula gardens are the gold standard reference design.
CRP0083,Horticultural,Spices,Cardamom,Elettaria cardamomum,"MF1,MF2,MF4-STR,MF8,MF9,MF17,MF24,MF27","MF1,MF4-PAR,MF6,MF14","MF3G,MF10,MF15",REQ: MF1+MF4-STR (scattered diffuse light; deep shade),"MF17,MF24,MF27","MF8,MF9,MF14","Deep shade crop native to Western Ghats forest understory — the highest MF4 requirement of any AP crop. Requires beam scatter (MF4-STR) plus PAR filtration (MF4-PAR) simultaneously. Silver Oak in AP's Araku Valley is the traditional companion. Cooling under canopy RETAINS the stable humid microclimate that Cardamom requires for capsule development — this is a classic case of RETAINING, not trapping.","Silver Oak (Araku Valley standard shade), Banana (sub-canopy humidity), Coffee (companion crop)",Araku Valley flag: Cardamom grown in Araku Valley AP under Silver Oak is a documented success system. MF4-STR requirement met by Silver Oak's open pinnate canopy. Humidity retained (not trapped) under multi-tier system.
CRP0084,Horticultural,Medicinal,Ashwagandha,Withania somnifera,"MF3G,MF16,MF19,MF25,MF27","MF3G,MF10,MF13","MF2,MF14",MF3G (dryland open microclimate),"MF16,MF25,MF27",MF10,Dryland medicinal — thrives under AP's Rayalaseema dry microclimate conditions. SUPPRESSES MF2 and MF14 — high humidity causes root rot. Deep taproot creates biopore network (MF16) and accesses deep moisture in Alfisols. Aromatic flowers attract pollinators (MF19). REQUIREs wind exposure and low humidity — plant in open well-drained positions.,"Neem (windbreak companion), Drumstick (distant shade — >3m), Sesame (companion)",Dry microclimate design: Ashwagandha must NOT be placed in MF14 (high humidity) zones. Plant on ridges or slopes with good drainage. Compatible with MF15 (dry microatmosphere) producing companions.
CRP0085,Horticultural,Medicinal,Tulsi (Holy Basil),Ocimum tenuiflorum,"MF3G,MF19,MF20,MF21,MF24,MF27","MF3G,MF13",MF2,MF3G (0–1m; moderate bush),"MF24,MF27",MF9,"The most versatile aromatic companion plant in AP. Simultaneously: MF19 (pollinator attractor), MF20 (beneficial insect habitat), MF21 (aromatic pest repellent). Eugenol and methyl chavicol volatile compounds deter aphids, whitefly, mites within 1m radius. REQUIREs MF13 (airflow) — does not tolerate stagnant air. Sacred plant in every AP homestead — dual spiritual and functional companion role.","Tomato (essential companion), Chilli, Okra, ALL vegetables",Universal companion flag: Tulsi provides MF19+MF20+MF21 simultaneously — plant at 3m intervals in any vegetable garden for comprehensive biotic protection. Most cost-effective natural farming companion plant in AP.
CRP0086,Horticultural,Medicinal,Neem,Azadirachta indica,"MF1,MF3L,MF6,MF16,MF17,MF19,MF21,MF24,MF25,MF26","MF3L,MF13","MF3G,MF10",MF1+MF3L (semi-open canopy; light shade),"MF16,MF17,MF24,MF25,MF26",MF9,"Azadirachtin in leaves and seeds is a powerful pest deterrent (MF21/MF26 function). Deep taproot creates biopore network. Open canopy provides MF1 without creating dense MF2 — ideal windbreak/shade tree. Leaf litter is allelopathic but breaks down in 3–4 weeks. Mulch value: Neem litter suppresses soil pathogens AND feeds microbiome simultaneously. Classic AP village tree — used as windbreak, shade, biopesticide source.","All AP crops benefit from Neem windbreak, Drumstick (companion hedgerow), Moringa",Biopesticide design: Neem as border/windbreak (MF11) provides MF21 function passively through volatile emissions AND provides MF1 shade + MF16 biopores. Triple function in one tree. Azadirachtin concentration highest in seeds — harvest for neem oil preparation.
CRP0087,Horticultural,Medicinal,Vetiver,Chrysopogon zizanioides,"MF3G,MF16,MF18,MF25","MF3G,MF10",MF2,MF3G (bund grass; 0–1m visible; >3m roots),"MF16,MF18,MF25","MF9,MF10",The most important soil and water conservation grass for AP slopes. Roots reach 3–4m depth — unmatched MF16 biopore formation AND MF25 erosion resistance. Surface grass clump provides MF18 (weed suppression in bund zone). Aromatic — minor MF21 function. Bund planting on contour: 0.5m interval rows on >3% slopes is the AP Watershed standard.,"Plant on field bunds with any crop system, Stylosanthes (ground cover companion)",Erosion control priority: Vetiver bund on contour is MANDATORY for AP slopes >3% under natural farming. Root depth of 3–4m means MF16 biopore network operates far below root zone of annual crops — water infiltration benefit extends deep into soil profile.
CRP0088,Horticultural,Flowers,Marigold (African/French),Tagetes erecta / T. patula (Asteraceae),"MF2,MF5,MF11,MF12,MF14,MF19,MF23,MF24,MF25","MF3G,MF8,MF9","MF13,MF15,MF22",MF2 (short dense canopy 0.3–0.6m),"MF17,MF23,MF24","MF8,MF9",Marigold is the most powerful MF23 (biological pest suppressor) activator in horticulture — root exudates suppress root-knot nematodes and soil pathogens. Strong MF12 (aromatic volatile) producer. AP Natural Farming strongly recommends marigold border planting with all vegetable crops.,"Tomato (nematode suppression), Brinjal (MF23 border), Chilli (MF22 buffer)",AP NF flagship companion crop — always recommend as border plant. MF23 activation is scientifically validated for nematode suppression in vegetable plots.
CRP0089,Horticultural,Flowers,Chrysanthemum,Chrysanthemum morifolium (Asteraceae),"MF2,MF5,MF11,MF12,MF19,MF24,MF25","MF3G,MF8,MF9,MF13","MF10,MF22",MF2 (medium canopy 0.5–1.2m),"MF17,MF24","MF8,MF9",Chrysanthemum is a commercial cut-flower crop of high value in AP. Strong MF12 (volatile aromatic) producer — pyrethrins in foliage act as natural pesticide. MF19 activation through abundant flower biomass. Requires well-drained loam and cool nights for flowering.,"Marigold (MF23 border), Coriander (MF12 complement)","High-value commercial flower — flag MF13 (soil compaction risk) in pot/greenhouse systems. Incorporate natural farming sprays (JMS, plant extracts) for pest management."
CRP0090,Horticultural,Flowers,Rose,Rosa hybrida (Rosaceae),"MF2,MF5,MF11,MF12,MF19,MF24,MF25,MF27","MF3G,MF8,MF9,MF13","MF10,MF22",MF2 (bushy shrub 0.5–1.5m),"MF17,MF24,MF27","MF8,MF9",Rose is a perennial flowering shrub with high MF27 (perennial root zone rejuvenation) potential. MF12 (aromatic volatile) production is economically significant. Deep root system builds MF17 and MF24. Black spot and aphid pressure = high MF22 risk — key site for natural farming spray protocols.,"Garlic (MF23 companion), Marigold (MF23 border), Lavender (MF12 synergy)",Perennial woody shrub — MF27 rule applies. Flag MF22 (fungal/pest pressure) as design risk and specify NF spray schedule. Avoid chemical fungicide use.
CRP0091,Horticultural,Flowers,Crossandra (Kanakambaram),Crossandra infundibuliformis (Acanthaceae),"MF2,MF5,MF11,MF12,MF17,MF19,MF24,MF25","MF3G,MF8,MF9","MF10,MF13",MF2 (low bushy plant 0.3–0.6m),"MF17,MF24","MF8,MF9",Crossandra (Kanakambaram) is a major commercial flower crop of Andhra Pradesh — widely grown for garland and puja use. Strong MF12 and MF17 activator due to dense shallow roots. Shade-tolerant — can be intercropped under coconut and areca nut plantations.,"Coconut (shade intercrop), Areca nut (shade intercrop), Marigold (MF23 border)","AP-specific commercial flower — note shade intercropping potential under plantation crops (coconut, areca). FLAG: High humidity under shade increases MF22 (fungal) risk — monitor."
CRP0092,Horticultural,Flowers,Tuberose (Sugandhiraja),Polianthes tuberosa (Asparagaceae),"MF2,MF5,MF11,MF12,MF19,MF24,MF25","MF3G,MF8,MF9,MF13","MF10,MF15",MF2 (erect spike 0.6–1.0m),"MF17,MF24","MF8,MF9",Tuberose is a bulbous flower crop — highly fragrant MF12 producer. Bulb-to-bulb propagation builds MF17 (surface soil structure) through annual replanting cycles. Widely grown in AP for perfumery and garlands. MF15 (anaerobic stress) risk in waterlogged conditions — requires well-drained beds.,"Marigold (MF23 border), Chrysanthemum (companion bed)",Bulb crop — MF13 compaction risk in clay soils. Raised bed design recommended. FLAG: Do not replant continuously in same soil without rotation — nematode buildup risk.
CRP0093,Horticultural,Flowers,Gaillardia (Blanket Flower),Gaillardia pulchella (Asteraceae),"MF2,MF5,MF11,MF12,MF14,MF19,MF24","MF3G,MF8","MF13,MF22",MF2 (low canopy 0.3–0.5m),"MF17,MF24","MF8,MF14",Gaillardia is a drought-tolerant annual flower ideal for MF14 (dry-stress resilience) farming systems. Strong pollinator attractant — boosts MF23 (beneficial insect population). Low water requirement and sandy soil tolerance make it AP dryland compatible.,"Marigold (MF23 synergy), Sesame (dryland companion)",Good dryland border flower for natural farming plots — include in low-rainfall farm designs as pollinator attractor.
CRP0094,Horticultural,Flowers,Cock's Comb (Celosia),Celosia argentea (Amaranthaceae),"MF2,MF5,MF11,MF14,MF17,MF19,MF24,MF25","MF3G,MF8,MF9","MF10,MF13",MF2 (medium plant 0.4–0.9m),"MF17,MF24","MF8,MF9",Celosia is a heat-tolerant annual with excellent MF14 response under dry conditions. Edible leaves (used as green leafy vegetable in tribal areas). MF17 surface root contribution. Attracts beneficial insects — MF23 support. Dual use as ornamental and edible crop.,"Marigold (MF23 border), Amaranth (GLV companion)",Dual-use ornamental/edible — flag in intercropping systems as companion with vegetables. MF14 tolerance makes it suitable for summer flower cultivation.
CRP0095,Horticultural,Flowers,China Aster,Callistephus chinensis (Asteraceae),"MF2,MF5,MF11,MF12,MF19,MF24,MF25","MF3G,MF8,MF9,MF13","MF10,MF22",MF2 (medium canopy 0.4–0.8m),"MF17,MF24","MF8,MF9",China Aster is a commercially important cut-flower crop in AP. MF12 (volatile aromatic) mild producer. Sensitive to Fusarium wilt — MF22 (fungal pathogen) risk is high. AP NF protocols recommend soil enrichment with Jeevamrutha and trichoderma for wilt suppression. Annual crop with MF19 (seed biomass) activation.,"Marigold (MF23 nematode suppression), Coriander (MF12 companion)",FLAG: Fusarium wilt risk = critical MF22 design point. Mandatory soil treatment with Jeevamrutha before planting. Crop rotation with legume essential.
CRP0096,Horticultural,Flowers,Lotus,Nelumbo nucifera (Nelumbonaceae),"MF2,MF5,MF8,MF9,MF11,MF12,MF15,MF17,MF19,MF24,MF25","MF8,MF9,MF15","MF10,MF13",MF2 (floating/emergent 0.5–1.5m above water),"MF17,MF23,MF24,MF25","MF8,MF9,MF15","Lotus is an aquatic sacred flower of AP — thrives in still water bodies, ponds, and temple tanks. Unique MF8/MF9/MF15 (wet, aquatic) soil-water microenvironment activator. Rhizome is edible. MF25 (bio-mineral cycling) activated through leaf litter decomposition in pond sediment. Strong MF23 (beneficial microbiome) in pond ecosystem.","Azolla (MF23 aquatic companion), Water Hyacinth (MF25 complement — controlled)",Aquatic/amphibious crop — unique water MF rules apply. FLAG: Do not apply in flowing water systems. Integrate with fish farming for MF23 pond ecosystem design.
CRP0097,Forest,Canopy Trees,Teak,Tectona grandis,"MF1,MF2,MF4-FR,MF6,MF11,MF16,MF17,MF24,MF25","MF3U,MF13","MF3G,MF10",MF1+MF2 (dense deciduous canopy) + MF4-FR (far-red enrichment),"MF16,MF17,MF24,MF25",MF9,Dense deciduous canopy creates strong MF4-FR (far-red enrichment) zone. Leaf litter allelopathy documented — Teak litter inhibits germination of some species. Large deciduous leaves produce high-volume MF17 mulch in dry season — this is a seasonal pulse of biomass input. Deep root system creates significant MF16 biopore network. Use with caution as sole canopy — mono-teak plantation is a poor natural farming system due to allelopathic litter.,"Sesbania (MF23 companion in young plantation), Stylosanthes (ground cover), Cowpea",Allelopathy management: Teak litter pulse (Nov–Jan) provides biomass but may suppress understorey. Rake litter for compost rather than in-situ mulch if establishing new understorey. Multi-species teak+companion planting far superior to mono-teak.
CRP0098,Forest,Canopy Trees,Neem,Azadirachta indica,"MF1,MF3L,MF6,MF16,MF17,MF19,MF21,MF24,MF25,MF26","MF3L,MF13","MF3G,MF10",MF1+MF3L (semi-open canopy; partial shade),"MF16,MF17,MF24,MF25,MF26",MF9,"Ideal multi-purpose agroforestry canopy tree for AP. Unlike Teak, Neem allelopathy breaks down in 3–4 weeks — manageable in a dynamic polyculture. Biopesticide function (MF26/MF21) passive through volatile emissions. Open canopy provides MF1 without MF2 overcast. Deep root (MF16) creates extensive biopore network. Every AP natural farm should have Neem as windbreak/shade tree.","Red Gram (MF23 companion), Drumstick (sub-canopy), Cowpea (ground)",Ideal shade tree profile: Neem produces MF1+MF6+MF16+MF17+MF19+MF21 simultaneously. RETAINS cool microclimate below through canopy cooling. Most cost-effective multi-function canopy tree for AP dryland systems.
CRP0099,Forest,Canopy Trees,Pongamia (Kanuga),Millettia pinnata,"MF1,MF3L,MF16,MF17,MF19,MF23,MF24,MF25,MF27","MF3L,MF13","MF3G,MF10",MF1+MF3L (moderate shade; open canopy),"MF16,MF23,MF24,MF27",MF9,N-fixing canopy tree (Frankia and rhizobia nodules in roots). Produces MF23 at tree scale — significant N contribution to understory. Good honey tree (MF19 function). Seed oil is AP's traditional biopesticide and biodiesel source. Deep taproot creates major MF16 biopore network. Excellent shade tree for agroforestry bunds.,"Drumstick (sub-canopy companion), Red Gram (ground N-fixer), Cowpea",N-fixing tree flag: Pongamia BNF rate estimated 40–80 kg N/ha/yr at mature tree — significant contribution to adjacent crop N-budget. Design: 1 Pongamia per 200m² provides adequate N-credit to 1–2 companion rows.
CRP0100,Forest,Canopy Trees,Tamarind,Tamarindus indica,"MF1,MF2,MF4-NIR,MF6,MF8,MF11,MF14,MF17,MF24,MF25,MF26","MF3U,MF13","MF3G,MF3L,MF10,MF13,MF15,MF16,MF18,MF23",MF1+MF2 (very dense canopy) + MF4-NIR (strong NIR reflector),"MF17,MF24,MF25,MF26","MF8,MF9",Long-lived keystone village tree — 100+ year lifespan. STRONGLY ALLELOPATHIC: suppresses N-fixers (MF23) within 5m radius through tartaric acid leachates. The dense canopy RETAINS cool moist microclimate — not traps — but the allelopathic environment severely limits companion planting options. Place only allelopathy-tolerant crops nearby. Fruit/bark have high medicinal and culinary value.,"Stylosanthes (allelopathy-tolerant ground cover), Curry Leaf (tolerant sub-canopy)","ALLELOPATHY ALERT (repeated): Tamarind = 5m exclusion zone for all legumes and N-fixers. Only place allelopathy-TOLERANT crops: Stylosanthes (ground), Curry Leaf (sub-canopy), some grasses. Long-term design: Tamarind as solitary keystone tree with no companion legumes."
CRP0101,Forest,Canopy Trees,Indian Rosewood (Sheesham),Dalbergia sissoo,"MF1,MF3L,MF16,MF17,MF23,MF24,MF25,MF27","MF3L,MF13",MF3G,MF1+MF3L (open pinnate canopy; dappled shade),"MF16,MF23,MF24,MF25,MF27",MF9,N-fixing timber tree (Rhizobium nodules in roots). Open pinnate canopy creates dappled shade similar to Neem — MF1 without MF2 overcast. Deep root system creates major MF16 biopore legacy — roots penetrate 4–6m in AP's deep Alfisols. Important bund tree for AP agri-horticulture systems.,"Drumstick (sub-canopy), Red Gram (companion annual MF23), Cowpea (ground)",Timber+N-fix+biopore flag: Indian Rosewood provides timber value + MF23 (N-fixation) + MF16 (deep biopores) simultaneously. Ideal for long-term agroforestry investment on bunds and farm boundaries.
CRP0102,Forest,Sub-Canopy,Gliricidia,Gliricidia sepium,"MF1,MF3L,MF16,MF17,MF23,MF24,MF25,MF27","MF3L,MF13",MF3G,MF1+MF3L (open canopy; deciduous),"MF16,MF23,MF24,MF25,MF27",MF9,"N-fixing companion tree par excellence. BNF rate: 100–150 kg N/ha/yr at mature pollarded tree. Classic alley crop tree: planted in rows 2–4m wide alleys, pollarded at crop planting for green manure (MF17). Leaf N content: 3.5–4.5% (comparable to urea at equivalent application). AP's most important N-fixing tree for transitioning farmers.","All cereals (alley crop), Red Gram (companion), Coconut (inter-canopy companion)","Alley crop design: Gliricidia at 5m row spacing in 2.5m alleys provides 40–60 kg N/ha/yr to companion cereal rows — equivalent to 90–130 kg urea/ha. Pollard at 0.5m height at crop sowing, and again at mid-season."
CRP0103,Forest,Sub-Canopy,Silver Oak (Grevillea),Grevillea robusta,"MF1,MF3L,MF6,MF11,MF16,MF17,MF24,MF25","MF3L,MF13","MF3G,MF10",MF1+MF3L (open pinnate canopy; ideal beam scatter),"MF16,MF17,MF24,MF25",MF9,THE standard shade companion for Coffee and Cardamom in AP's Araku Valley. Pinnate leaf structure creates ideal MF4-STR (beam scatter) — dappled light without solid shade. Fast growing — provides shade in 2–3 years. Deep root system (MF16) does not compete significantly with shallow-rooted coffee. Low allelopathy — one of the few AP trees compatible with all understorey crops.,"Coffee (standard companion), Cardamom (Araku system), Black Pepper, Turmeric",Coffee+Cardamom shade standard: Silver Oak at 8×8m spacing = optimal MF4-STR for Arabica coffee and Cardamom in Araku Valley. No allelopathy concerns — compatible with all understorey companion crops.
CRP0104,Forest,Sub-Canopy,Bamboo,Bambusa spp.,"MF1,MF2,MF11,MF12,MF16,MF17,MF18,MF24,MF25","MF3L,MF8,MF11","MF3G,MF10",MF1+MF2 (dense clump shade) + MF11 (windbreak),"MF16,MF17,MF25","MF8,MF9",Dense clump creates strong wind barrier (MF11) AND partial to dense shade (MF1–MF2). Rapid biomass producer — MF17 from fallen culms and leaves is among the highest per-hectare biomass in AP. Silica cycling from bamboo litter strengthens neighbouring crop cell walls (pest resistance co-benefit). Deep rhizome MF16 creates lateral biopore network. SUPPRESSES MF13 (airflow) in interior of dense clumps — design openings for airflow management.,"Areca (companion in bamboo-areca gardens), Turmeric (bamboo shade system), Ginger",Living fence design: Bamboo clumps on farm boundary create MF11 (wind barrier) + MF1 (partial shade) + MF25 (erosion buffer) + MF17 (biomass) simultaneously. Cut bamboo every 3–4 years for maximum MF17 biomass harvest.
CRP0105,Forest,Sub-Canopy,Sesbania,Sesbania grandiflora,"MF1,MF3L,MF16,MF17,MF23,MF24,MF25,MF27","MF3L,MF13",MF3G,MF1+MF3L (fast-growing pioneer canopy),"MF16,MF23,MF27",MF9,Fastest-growing N-fixing tree in AP — established shade and N-contribution in 3–4 months. BNF rate: 60–120 kg N/ha/yr. Classic companion for paddy field bunds: Sesbania on bund provides MF23 N contribution to paddy field AND MF1 partial shade to bund edge. Leaf litter C:N ~10 — fastest decomposing high-N green manure of any AP tree.,"Paddy (field bund companion), Maize (inter-canopy), Red Gram (N-fix companion)",Paddy bund flag: Sesbania on paddy bund is a traditional AP practice that delivers 20–30 kg N/ha to paddy field per season through leaf fall and root turnover. This practice exactly represents MF23→MF24 cascade at the field boundary.
CRP0106,Forest,Pioneer,Calliandra,Calliandra calothyrsus,"MF1,MF3G,MF16,MF17,MF18,MF23,MF24,MF25,MF27","MF3G,MF13",MF10,MF1+MF3G (shrub; 1–3m; dense branching),"MF16,MF23,MF25,MF27",MF9,N-fixing pioneer shrub for AP degraded lands. Extremely fast establishment on poor red soils. Dense branching provides living fence + shade + N-fixation simultaneously. BNF rate: 80–120 kg N/ha/yr. Excellent for silvopasture alleys in AP's dryland zones — pollard for fodder + green manure at 60-day intervals.,"Sorghum (silvopasture alley), Jowar, Cowpea (companion)",Degraded land pioneer: Calliandra can establish on severely degraded Alfisols where Red Gram fails. Use as first-year soil builder THEN introduce Red Gram and food crops in subsequent seasons.
CRP0107,Forest,Pioneer,Vitex (Lagundi),Vitex negundo,"MF1,MF3G,MF17,MF19,MF21,MF24,MF25,MF26","MF3G,MF13",MF2,MF1+MF3G (aromatic shrub; 1–4m),"MF17,MF24,MF25,MF26",MF9,"Aromatic allelopathic shrub with strong biopesticide volatile compounds (MF26/MF21). Leaf extracts are effective against mites, aphids, and lepidoptera larvae. Used as living fence on field boundaries. Aromatic barrier effect extends 3–5m from planting. High-biomass leaf litter (MF17) decomposes moderately (C:N ~20). SUPPRESSES MF2 — does not tolerate dense shade. Traditional AP biopesticide plant.","Cotton (aromatic barrier), Vegetable borders, Chilli, Okra",Biopesticide border flag: Vitex as 1–2 row border around cotton or vegetable plots provides passive aromatic pest deterrence (MF21) equivalent to 2–3 neem-based spray applications per season.
